brand,name,old_price_reais,new_price_reais,old_price_centavos,new_price_centavos,reviews_rating_number,reviews_amount
FILA,Fila Retro Sport 2.0 V2 Masculino Adultos,290,290,28,28,,
MIZUNO,Tênis Masculino Mizuno Wave Endeavor 2 Corrida Performance,749,749,697,697,,
MIZUNO,Tênis Masculino Corrida Mizuno Wave Stratos 2 Esportivo,849,849,773,773,,
UNDER ARMOUR,Under Armour Pacer Masculino Adultos,449,449,217,217,4.6,(576)
UNDER ARMOUR,Under Armour Charged Slight 2 Masculino Adultos,359,359,247,247,4.8,(305)
MIZUNO,Tênis Masculino Mizuno Wave Endeavor 2 Corrida Performance,749,749,674,674,,
ADIDAS,Tênis Esportivo Masculino adidas Response Lançamento Novo,449,449,45,45,,
ADIDAS,Tênis adidas Original Corrida Treino Intenso Com Amortecedor,449,449,45,45,,
ADIDAS,Tênis De Corrida adidas Maratona Performance Corre Rua,449,449,45,45,,
,Tenis Mulher Homem Unissex Corrida Caminhada Leve Barato,53,53,47,47,4.5,(974)
EVOLTENN,Kit Três Tênis Desportivo De Corrida Para Academia Promoção,198,198,179,179,4.6,(156)
OUSY SHOES,Kit Tênis Masculino Caminhada 3 Pares Easy Confortável Combo,229,229,159,159,4.5,(5417)
,Tênis Ortopédico Italiano De Couro Para Treino Esportivo,138,138,34,34,4.1,(29)
NIKE,Tênis Nike Air Max Sc Masculino,389,389,39,39,4.8,(392)
FILA,Tênis Fila Recovery Masculino Academia - Fitness,379,379,38,38,,
TRYD,Tênis Para Treino Academia Caminhada Corrida Tryd 5400 Leve,99,99,74,74,4.5,(9350)
FILA,Tênis Fila Recovery Esportivo Corrida Academia Original Pro,379,379,38,38,,
FILA,Tênis Masculino Corrida Fila Recovery - Original,379,379,38,38,,
,Tênis Ortopédico Italiano De Couro Para Treino Esportivo,138,138,34,34,4.1,(29)
VILI,Tênis Masculino Academia Caminhada Vili Barato Leve Corrida,109,109,98,98,4.5,(2055)
,Tenis Esporte Academia Corrida Caminhada Confortável Leve,69,69,6,6,4.5,(353)
FILA,Tênis Fila Recovery Grafite Preto E Amarelo - Masculino,379,379,38,38,,
FILA,Tênis Fila Masculino Recovery Esportivo Confortável Original,379,379,38,38,,
FILA,Tênis Fila Recovery Masculino Academia - Fitness,379,379,38,38,,
MIZUNO,Tênis Masculino Corrida Mizuno Wave Stratos 2 Esportivo,849,849,798,798,,
ADIDAS,Tênis adidas Response Masculino Corrida Caminhada Treino,399,399,38,38,,
NIKE,Tênis Nike Revolution 6 Flyease Next Nature Masculino,269,269,26,26,4.8,(407)
ADIDAS,Tênis De Corrida adidas Lançamento Corre Response Runner,399,399,38,38,,
ADIDAS,Tênis Esportivo adidas Masculino Response Runner Original,399,399,38,38,,
ADIDAS,Tênis Masculino adidas Esportivo Corrida E Caminhada Runner,399,399,38,38,,
FILA,Tênis Masculino Fila Recovery Esportivo Corrida Macio Leve,379,379,36,36,,
FILA,Tênis Fila Masculino Recovery Esportivo Confortável Original,379,379,36,36,,
FILA,Tenis Fila Masculino Recovery Corrida Caminhada Confortável,379,379,334,334,,
FILA,Tênis Fila Recovery Esportivo Corrida Academia Original Pro,379,379,36,36,,
ADIDAS,Tênis adidas Response Runner Azul E Preto - Original,449,449,45,45,,
FILA,Tênis Fila Recovery Grafite Preto E Amarelo - Masculino,379,379,38,38,,
MIZUNO,Mizuno Wave Zest Masculino Adultos,449,449,323,323,4.5,(46)
FILA,Fila Spitfire 3 Masculino Adultos,609,609,479,479,,
ADIDAS,Tênis De Corrida Masculino E Feminino Response Runner adidas,299,299,212,212,4.8,(340)
ADIDAS,Tênis adidas Adistar Cs 2 Modelo Novo Corrida Treino Macio,1.469,1.469,147,147,,
OLYMPIKUS,Olympikus Treino Dynamic Masculino Adultos,279,279,150,150,4.8,(5646)
OLYMPIKUS,Olympikus 24/7 Lap Masculino Adultos,218,218,139,139,4.8,(7608)
OLYMPIKUS,Olympikus Treino Proof 3 Masculino Adultos,199,199,151,151,4.8,(1381)
OLYMPIKUS,Olympikus Caminhada Urano 2 Sem gênero Adultos,229,229,138,138,4.8,(832)
OLYMPIKUS,Olympikus Marte Masculino Adultos,189,189,159,159,4.7,(238)
ADIDAS,Tênis Masculino Moda Estilo Conforto Academia Treino Crosfit,399,399,351,351,,
OLYMPIKUS,Olympikus Corre 3 3 Sem gênero Adultos,499,499,50,50,4.9,(248)
UNDER ARMOUR,Under Armour Tribase Cross Masculino Adultos,549,549,330,330,4.7,(371)
OLYMPIKUS,Olympikus Corre 3 Sem gênero Adultos,499,499,49,49,4.8,(38)
OLYMPIKUS,Olympikus Casual Jogging 100 Sem gênero Adultos OBTN068_1-012,229,229,160,160,4.7,(2759)
OLYMPIKUS,Olympikus Perfect 3 Masculino Adultos,259,259,194,194,4.8,(210)
OUSY SHOES,Kit Tênis Masculino Caminhada 3 Pares Easy Confortável Combo,229,229,159,159,4.5,(5417)
MIZUNO,Mizuno Space 3 Masculino Adultos,199,199,33,33,4.8,(1411)
ADAPTION,Adaption Easy Masculino Adultos,49,49,4,4,4.3,(1383)
,Tenis Mulher Homem Unissex Corrida Caminhada Leve Barato,53,53,47,47,4.5,(974)
,Kit Tenis Masculino Academia + Relógio Digital Led + Meia,149,149,114,114,4.4,(466)
LYND,Tênis Esportivo Masculino Corrida Caminhada- Vent 424,199,199,149,149,4.4,(83)
HAYMAX,Tênis Skatista Masculino Feminino Old School Envio Imediato,99,99,89,89,4.5,(762)
,Tenis Feminino Casual Nyc Shoes Masculino Moda Adulto,109,109,75,75,4.5,(3941)
OLYMPIKUS,Tênis Olimpikus Olympikus Flash Confortavel Envio Imediato ,95,95,9,9,4.3,(159)
DIX,Tênis Para Academia Masculino Malhar Corrida Promoção,66,66,63,63,4.5,(1549)
,Tenis Feminino Masculino Olimp Academia Leve Confortável,69,69,6,6,4.4,(1042)
,Tenis Mulher Homem Unissex Corrida Caminhada Leve Barato,53,53,47,47,4.5,(974)
OUSY SHOES,Kit Tênis Masculino Caminhada 3 Pares Easy Confortável Combo,229,229,159,159,4.5,(5417)
,Tenis Olimp Esportivo Masculino Feminino Leve E Macio,78,78,7,7,4.1,(5366)
ADAPTION,Kit 2 Pares De Tenis Masculino Academia Limited + Relogio,139,139,13,13,4.4,(4024)
,Tênis Esporte Masculino Pronta Entrega Barato,66,66,61,61,4.4,(1285)
,Tênis Cross Tryd 5400 Academia Caminhada Confortável Leve,99,99,69,69,4.5,(1508)
OLYMPIKUS,Tênis Masculino E Feminino Corre Trilha Olympikus Novo,599,599,500,500,5.0,(2)
T-SHOES,Tênis Extremecross Speed Trekking Trilha Ciclismo Corrida,174,174,151,151,4.5,(210)
,Tênis Masculino Corrida Caminhada Academia Macio Barato Top,51,51,5,5,4.4,(3385)
ADIDAS,adidas Galaxy 6 Masculino Adultos,399,399,265,265,4.8,(125)
OLYMPIKUS,Olympikus Marte Masculino Adultos,189,189,159,159,4.7,(238)
WM,Tenis Revelation Masculino Feminino Promoção Pronta Entrega,109,109,10,10,4.5,(59)
PUMA,Puma Cell Divide V2 BDP Masculino Adultos,499,499,331,331,4.7,(69)
ADIDAS,Tênis Masculino Moda Estilo Conforto Academia Treino Crosfit,399,399,351,351,,
OLYMPIKUS,Olympikus Corre 3 3 Sem gênero Adultos,499,499,50,50,4.9,(248)
WM,Tenis Olimp Masculino Feminino Lançamento Muito Envio Rápido,109,109,36,36,3.6,(10)
,Tenis Masculino Feminino Juvenil Academia Macio Confortável ,70,70,6,6,4.5,(520)
LYND,Tênis Esportivo Masculino Corrida Caminhada- Vent 424,199,199,149,149,4.4,(83)
OLYMPIKUS,Tênis Esportivo Masculino E Feminino Taurus Olympikus Novo,279,279,222,222,,
,Tenis Masculino Feminino Academia Leve Macio Confortável,68,68,6,6,4.5,(1587)
ADIDAS,adidas Runfalcon 3.0 Masculino Adultos,368,368,36,36,4.7,(493)
UNDER ARMOUR,Under Armour Tribase Cross Masculino Adultos,549,549,330,330,4.7,(371)
OLIMPAK,Tênis Esportivo Masculino Olimpak Para Caminhada Academia,106,106,100,100,4.4,(3172)
OLYMPIKUS,Olympikus Corre 3 Sem gênero Adultos,499,499,49,49,4.8,(38)
,Tênis Masculino Esportivo Caminhada Academia Corrida,89,89,78,78,4.5,(490)
OLYMPIKUS,Olympikus Casual Jogging 100 Sem gênero Adultos OBTN068_1-012,229,229,160,160,4.7,(2759)
OLYMPIKUS,Olympikus Asfalto Masculino Adultos,249,249,31,31,,
FILA,Fila Recovery Masculino Adultos,407,407,265,265,4.7,(2054)
OLYMPIKUS,Olympikus Perfect 3 Masculino Adultos,259,259,194,194,4.8,(210)
OUSY SHOES,Kit Tênis Masculino Caminhada 3 Pares Easy Confortável Combo,229,229,159,159,4.5,(5417)
DM DAMANDO,Tenis Masculino Confortavel/academia/crossfit + Relógio,77,77,74,74,4.5,(4585)
,Tênis Para Treino Academia Caminhada Corrida Tryd 7000 Leve,109,109,94,94,4.5,(346)
OLYMPIKUS,Tênis Masculino Dynamic Azul-marinho Olympikus ,279,279,210,210,4.8,(593)
FILA,Tênis Casual Masculino Euro Jogger Fila Moderno Azul,493,493,49,49,,
ASCENSION,Tenis Masculino E Feminino De Caminhada Ortopedico Crossfit,68,68,22,22,4.7,(1966)
,Tenis Olimp Esportivo Masculino Feminino Leve E Macio,78,78,7,7,4.1,(5366)
PUMA,Tênis Puma St Runner V2 - Masculino - Original + Brinde + Nf,429,429,399,399,,
MIZUNO,Mizuno Space 3 Masculino Adultos,199,199,33,33,4.8,(1411)
VILI,Tênis Masculino Academia Caminhada Vili Barato Leve Corrida,109,109,98,98,4.5,(2055)
RAINHA,Tênis Rainha Vl 2500 Futsal Vôlei Academia Capoeira Corrida,78,78,7,7,4.6,(743)
ADAPTION,Adaption Easy Masculino Adultos,49,49,4,4,4.3,(1383)
TMC,Tênis Masculino Academia Olympiko Esportivo Barato Original,78,78,61,61,4.4,(179)
,Tenis Sapatilha Bike Pesca Corrida Academia Neoprene Confort,53,53,17,17,4.6,(384)
OLYMPIKUS,Olympikus Casual Triunfo 2 Masculino Adultos,229,229,172,172,4.8,(317)
ON RUNNING,Tênis On Running Cloud Blue Denim,599,599,59,59,,
PUMA,Puma Anzarun Lite Masculino Adultos,349,349,231,231,4.8,(55)
OUSY SHOES,Kit Tênis Masculino Caminhada 3 Pares Easy Confortável Combo,229,229,159,159,4.5,(5420)
,Tenis Sport Titanium  Original - Esportivo,78,78,61,61,4.5,(3410)
,Tênis Bolsonaro Masculino Feminino Patriota Style Super Leve,199,199,33,33,4.7,(131)
BAD FISH,Tênis Bad Fish Track Sapatilha Air Mesh Adventure Pesca,199,199,19,19,4.9,(37)
,Tênis Masculino Esportivo Caminhada Academia Corrida - It,89,89,78,78,4.5,(355)
FILA,Tênis Fila Progress Masculino Preto,359,359,35,35,,
OLYMPIKUS,Olympikus Diffuse 5 Masculino Adultos,239,239,34,34,4.8,(303)
OLYMPIKUS,Olympikus Casual Index 3 Masculino Adultos 43611218_1-004,189,189,150,150,4.8,(937)
OLYMPIKUS,Olympikus Corre 3 Masculino Adultos,555,555,499,499,4.5,(126)
HAYMAX,Tênis Skatista Masculino Feminino Old School Envio Imediato,99,99,89,89,4.5,(762)
VILI,Tênis Masculino Academia Caminhada Vili Barato Leve Corrida,109,109,98,98,4.5,(2055)
,Tenis Esporte Academia Corrida Caminhada Confortável Leve,69,69,6,6,4.5,(353)
OLYMPIKUS,Olympikus Express Masculino Adultos,274,274,217,217,4.7,(227)
FILA,Fila KR6 Masculino Adultos,599,599,359,359,4.7,(158)
,Sapatilha Aquatica Neoprene Secarapido Sola Forte Confort,52,52,17,17,4.6,(710)
OLYMPIKUS,Olympikus Jogging 100 Masculino Adultos,174,174,34,34,4.5,(56)
FILA,Tênis De Corrida Masculino Recovery Fila ,366,366,295,295,4.7,(44)
OLYMPIKUS,Olympikus Voa 2 Feminino Adultos,299,299,33,33,4.9,(110)
REEBOK,Tenis Reebok Nano Flex Tr V2 Masculino 100033771,599,599,59,59,4.3,(3)
FILA,Tenis Fila Trend 3.0 Masculino-preto/branco,277,277,221,221,,
FILA,Fila Running Progress Masculino Adultos,385,385,278,278,4.7,(175)
BOX200,Tênis Masculino Tamanho Especial Esporte Caminhada Box 200,89,89,76,76,4.5,(574)
,Kit Combo 2 Tenis Masculino Academia Caminhada Corrida Top,169,169,152,152,4.6,(1542)
MIZUNO,Mizuno Wave Rider 26 Masculino Adultos,1.099,1.099,723,723,,
WM,Tenis Feminino Masculino Olimp Lançamento Super Promoção ,99,99,9,9,,
OLYMPIKUS,Tênis Olympikus Triunfo 2 Marinho E Preto - Original,239,239,179,179,5.0,(1)
ASCENSION,Tênis Esportivo Ortopédico Para Academia Treino Dia A Dia,144,144,137,137,4.4,(286)
OLYMPIKUS,Tênis Olympikus Corre 3 Unissex,499,499,50,50,4.9,(275)
OLYMPIKUS,Olympikus Neblina Masculino Adultos,324,324,259,259,4.8,(32)
SAPATOFRAN,Tênis Masculino Esportivo Academia Kit C/meia Lupo + Relógio,107,107,10,10,4.3,(2433)
,Tenis Esporte Academia Corrida Caminhada Confortável Leve,69,69,6,6,4.5,(353)
OLYMPIKUS,Olympikus Cyber 3 Masculino Adultos,199,199,180,180,4.7,(33)
,Tênis Masculino Olymp Olimp Space Caminhada Barato Promoção ,78,78,61,61,4.3,(2205)
,Tênis Bolsonaro : Liberdade Style Super Confortável ,169,169,33,33,4.8,(96)
MIZUNO,Mizuno Wave Dynasty 5 Masculino Adultos,296,296,32,32,4.7,(881)
OLYMPIKUS,Olympikus Aquarios Masculino Adultos,249,249,117,117,4.8,(907)
OLYMPIKUS,Tenis Olympikus Masculino Soma,219,219,179,179,4.9,(12)
OLDSEN,Tenis Masculino Casual Macio Caminhada Treino Oldsen Bmax ,78,78,75,75,4.2,(72)
FILA,Fila Racer Spider Masculino Adultos,311,311,275,275,4.9,(130)
,Kit Tenis Masculino Academia + Relógio Digital Led + Meia,149,149,114,114,4.4,(466)
EVOLTENN,Tenis Academia Corrida Original Caminhada Evoltenn Crossfit,78,78,71,71,4.5,(3338)
MIZUNO,Tênis Running Masculino Mizuno Enigma Original Azul,493,493,49,49,,
UNDER ARMOUR,Under Armour Spawn 3 Masculino Adultos,359,359,323,323,,
BF SHOES,Tênis Esportivo Masculino Para Malhar Confortável Lançamento,78,78,74,74,4.5,(1845)
ASICS,Tênis Asics Masculino Feminino Varias Cores Do 34 Ao 43,96,96,9,9,4.1,(459)
OLDSEN,Tênis Masculino Jaguar Oldsen Treino Corrida Promoção Top,78,78,75,75,4.4,(2848)
WM,Tenis Masculino Feminino Olimp Exclusivo Pronta Entrega,99,99,9,9,,
,Tênis Zoom Fitness Masculino Esportivo Promoção Confortável,78,78,49,49,4.3,(57)
OLDSEN,Tênis Masculino Academia Esportivo Caminhada Academia ,78,78,67,67,4.3,(139)
OLYMPIKUS,Tênis Masculino Olympikus Rayo Original,269,269,191,191,5.0,(2)
ADIDAS,Tênis Masculino Lite Racer 3.0 adidas Oferta,299,299,221,221,4.7,(763)
OLYMPIKUS,Olympikus Eros Masculino Adultos,237,237,174,174,4.8,(1206)
FILA,Tênis Fila Racer Carbon 2 Masculino Verde,1.099,1.099,106,106,,
ASICS,Asics Gel-Rebound Masculino Adultos,399,399,359,359,4.5,(12)
,Tenis Esporte Academia Corrida Caminhada Confortável Leve,69,69,6,6,4.5,(353)
TMC,Tênis Masculino Academia Olympiko Esportivo Barato Original,78,78,61,61,4.4,(179)
,Tenis Masculino Academia Corrida Wave Force Promoção Barato,75,75,7,7,4.3,(329)
OLYMPIKUS,Tênis Olympikus Diffuse 5 Masculino,216,216,30,30,,
,Tênis Advanced Masculino Adulto Leve Ultra Confortável Ga060,78,78,7,7,4.9,(7)
ADAPTION,Adaption Limited Masculino Adultos,72,72,7,7,4.4,(462)
OLYMPIKUS,Tênis Masculino De Corrida Olympikus Challenger 4,279,279,27,27,,
,"Tenis New Luxxor Masculino Academia Caminhada Corrida,",54,54,46,46,4.2,(2502)
FILA,Tênis Fila F Virtuous Masculino,409,409,40,40,,
PLAZA,Kit 2 Tênis Masculino Casual Esportivo Neo Running Academia,125,125,12,12,4.0,(60)
,Tênis Bolsonaro : Liberdade Style Super Confortável ,169,169,33,33,4.8,(96)
,Tênis Masculino Olymp Olimp Space Caminhada Barato Promoção ,78,78,61,61,4.3,(2205)
OLYMPIKUS,Tênis Olympikus Triunfo 3 Masculino Cinza,209,209,34,34,,
OLYMPIKUS,Tênis Olympikus Aquarius Masculino Adulto Corrida Treino,237,237,169,169,4.8,(42)
OLYMPIKUS,Olympikus Poseidon Masculino Adultos,194,194,18,18,4.7,(585)
FILA,Tênis Fila Racer Nairobi Novo Lançamento Corrida Running ,379,379,36,36,,
FILA,Tênis Fila Venture Tracer Masculino Esportivo,444,444,44,44,,
FILA,Tênis Fila Kr6,399,399,39,39,,
OLYMPIKUS,Olympikus Only 2 Masculino Adultos,159,159,15,15,4.7,(1698)
ELLUS,Tênis Ellus Masculino Ray Preto,569,569,469,469,,
EVOLTENN,Kit 3 Pares Tênis Esportivo Masculino Evoltenn Style Corrida,188,188,174,174,4.4,(1498)
FILA,Tênis Fila Racer Gripper Masculino Original,329,329,232,232,,
ZEUZ,Tênis Masculino Esportivo Caminhada Academia Musculação Leve,80,80,7,7,4.4,(5)
OLYMPIKUS,Tênis Olympikus Masculino Cyber 4 Confortável Macio Leve ,269,269,194,194,,
FILA,Tênis Fila F Virtuous Masculino Preto,359,359,35,35,,
ON RUNNING,Tênis On Running Cloud X Alloy,599,599,59,59,4.8,(6)
OLYMPIKUS,Tênis Masculino Esportivo Olympikus Soma Original,219,219,172,172,,
ZEUZ,Tênis Masculino Leve Esportivo Conforto Dia A Dia Elástico,89,89,29,29,4.5,(4)
UNDER ARMOUR,Tênis Under Armour Charged Quicker Masculino,444,444,349,349,,
FILA,Tenis Fila Racer Comet Preto,299,299,33,33,,
OLYMPIKUS,Tênis Masculino Olympikus Neblina Corrida Treino Dia A Dia,285,285,251,251,,
ADIDAS,Tênis Masculino E Feminino Runfalcon 3.0 adidas Oferta,461,461,46,46,4.8,(1014)
GLK,Tênis Esportivo Marathon Tamanho Grande Especial 45 46 47,130,130,118,118,,
OLYMPIKUS,Tênis Olympikus Proof 3 Masculino Original,199,199,149,149,4.8,(118)
OLYMPIKUS,Olympikus Corre Grafeno 2 Masculino Adultos,561,561,54,54,4.7,(16)
PLAZA,Kit 2 Tênis Masculino Casual Esportivo Neo Running Academia,125,125,12,12,4.0,(60)
ADIDAS,Tênis adidas Terrex Ax2s Original Masculino,599,599,59,59,,
FILA,Tenis Fila F Virtuous Preto,339,339,33,33,5.0,(2)
OLIMPAK,Tênis Masculino Olimpak Para Academia Caminhada Original,109,109,98,98,4.5,(2199)
OLYMPIKUS,Tênis Olympikus Rayo - Masculino Casual Confortável E Leve,259,259,188,188,,
OLYMPIKUS,Tênis Olympikus Volcan Masculino Corrida - Caminhada,222,222,31,31,,
,Tênis Bolsonaro Masculino Feminino Patriota Style Super Leve,199,199,33,33,4.7,(131)
,"Tenis Olympikus Proof 3 Masculino Numero 45,46,47,48",199,199,189,189,4.8,(406)
ASCENSION,Tenis Esportivo Masculino Treino Academia Leve Confortável,150,150,30,30,,
OLYMPIKUS,Tênis Olympikus Index 3 Esportivo Original,189,189,179,179,4.9,(31)
REEBOK,Tenis Reebok Nano Flex Tr V2 Masculino 100033770,599,599,58,58,,
FILA,Tênis Fila Racer T2 S Masculino Preto/coral,599,599,58,58,,
PUMA,Tênis De Corrida Deviate Nitro 2 Masculino Puma Tênis De Cor,1.199,1.199,119,119,5.0,(1)
OLYMPIKUS,Tênis Olympikus Corre 3 Verde Azul E Rosa,499,499,48,48,5.0,(32)
ADAPTION,Kit 2 Pares De Tenis Masculino Adaption Academia Limited ,129,129,12,12,4.1,(258)
NEW BALANCE,Tenis Masculino New Balance Bb80 Ergonômico Leve - Original,409,409,323,323,,
MIZUNO,Mizuno Wave Falcon 5 Masculino Adultos,431,431,249,249,4.8,(12)
ON RUNNING,Tênis On Running Cloud X 2.0,599,599,59,59,4.9,(35)
FILA,Fila Outfield Masculino Adultos,219,219,31,31,4.7,(24)
,Tênis Masculino Olymp Olimp Space Caminhada Barato Promoção ,78,78,61,61,4.3,(2205)
PLAZA,Kit 4 Pares Tênis Casual Esportivo Original Neo Atacado ,269,269,33,33,4.4,(13)
MIZUNO,Tenis Esportivo Exclusivo Atividade Fisica Leve Confortavel,149,149,14,14,4.6,(190)
BF SHOES,Tênis Branco Lançamento Original Confortável,99,99,79,79,4.6,(7098)
VANELLI,Kit 2 Pares Tênis Masculino Esportivo Leve Macio Promoção,142,142,135,135,4.6,(63)
OLYMPIKUS,Tênis Esportivo Masculino Olympikus Subverse Lançamento Novo,349,349,35,35,,
,Tênis Masculino Academia Rixxon Leve Promoção Barato ,87,87,79,79,4.4,(453)
OLYMPIKUS,Tênis Running Masculino Olympikus Pride 3 Branco E Cinza,493,493,49,49,,
FILA,Fila Magnus Masculino Adultos F01AT00021,349,349,311,311,4.7,(506)
,Ténis Eclipse C.a.t Ultra Leve Lançamento Envio Já !,155,155,31,31,4.1,(23)
,Sapatilha Aquatica Neoprene Secarapido Sola Forte Confort,52,52,17,17,4.6,(710)
BF SHOES,Tênis Esportivo Masculino Para Malhar Confortável Lançamento,78,78,74,74,4.5,(1845)
,Sapatilha Híbrida Aquática Pesca Neoprene Trilha Bike Praia,53,53,17,17,4.6,(203)
OLYMPIKUS,Tênis Masculino Olimp Confortável Corrida E Caminhada Marte,189,189,31,31,,
OLYMPIKUS,Tênis Masculino Olympikus Marte Treino Caminhada Casual,200,200,180,180,,
FILA,Tênis Fila Classic Runner Sl Masculino Branco,289,289,32,32,,
,Tenis Masculino Olimp Kit 02 Pares Academia Promoção Oferta,139,139,13,13,4.4,(2888)
,Tenis Olympikus Cyber Masculino Original Academia Caminhada,237,237,178,178,4.8,(892)
POLO JOY,Combo 2 Pares Tenis Masculino Polo Joy Sapatenis Casual,199,199,157,157,4.7,(1313)
OLYMPIKUS,Tênis Olympikus Masculino Voa 2 - Original,299,299,33,33,,
OLYMPIKUS,Tenis Masculino Olympikus Urbex,199,199,33,33,5.0,(26)
FILA,Tênis Fila Masculino Trend 3.0 Treino Caminhada Casual,319,319,281,281,,
FILA,Tênis Fila Recovery Preto Masculino Cinza E Vermelho,379,379,254,254,,
FILA,Tenis Fila Efect,259,259,32,32,5.0,(3)
OLYMPIKUS,Tênis Olympikus Diffuse 5 Masculino - Original,299,299,29,29,,
OLYMPIKUS,Tênis Running Masculino Olympikus Pride 3 Azul E Laranja,493,493,49,49,,
MIZUNO,Tênis Feminino Ou Masculino Academia Promoção Pronta Entrega,98,98,32,32,4.3,(1320)
OLYMPIKUS,Tênis Masculino Olympikus Volcan Lançamento Original,211,211,170,170,4.6,(7)
FILA,Tênis Fila Racer Flexor Masculino,269,269,33,33,,
HARD,"Tenis Masculino, Corrida Esportivo Levinho Novo Lançamento",129,129,79,79,4.1,(48)
OLYMPIKUS,Tenis Masculino Olympikus Cyber 3,249,249,31,31,4.9,(55)
FILA,Tenis Fila Masculino Promoção ,289,289,32,32,4.8,(5)
OLYMPIKUS,Tênis Olympikus Corre 3 Verde,499,499,49,49,4.8,(118)
OLYMPIKUS,Tênis Olympikus Estilo 2 Preto,209,209,34,34,5.0,(2)
MIZUNO,Tênis Running Masculino Mizuno Wave Rider 27 Azul,1.235,1.235,123,123,,
CREATION,Combotênis Academia Creation 20 Combo De 3 Pares Confortável,199,199,33,33,4.1,(199)
FILA,Tênis Fila Masculino Trend 3.0 Treino Caminhada Casual,319,319,278,278,,
ASICS,Tênis Asics Masculino Jolt 4 Marinho+preto,349,349,35,35,,
OLYMPIKUS,Olympikus Aros Masculino Adultos,439,439,270,270,5.0,(9)
FILA,Tênis De Corrida Masculino Fila Racer Gripper Original,329,329,227,227,,
D3,Tênis Crossfit Masculino Rekoba Caminhada Academia Bararo,149,149,119,119,4.0,(176)
FILA,Tênis Fila Recovery Masculino Preto E Cinza,359,359,35,35,,
OLYMPIKUS,Tenis Olympikus Vest 43665311-amrelo,259,259,25,25,,
FILA,Tênis Fila Masculino Float Elite Corrida ,749,749,457,457,,
FILA,Tênis Fila Classic Runner Sl Marinho,339,339,33,33,,
DM DAMANDO,Tenis Masculino Academia Para Treino Em Nylon Leve,69,69,6,6,3.7,(6)
FILA,Tênis Fila Masculino Recovery Corrida Caminhada Confortável,399,399,355,355,,
OLYMPIKUS,Tênis Olympikus Corrida De Rua Preto - Masculino,289,289,32,32,,
FILA,Tênis Fila Masculino Efecto Treino Academia Caminhada Preto,319,319,268,268,,
OLYMPIKUS,Tênis Olympikus Corre Grafeno 2 Laranja,799,799,79,79,,
FILA,Tênis Fila Ride Masculino / Feminino - Original ,329,329,227,227,,
,Tenis Esporte Corrida Academia Caminhada Conforto + Relogio,59,59,5,5,,
OLYMPIKUS,Tênis Masculino Corrida Olympikus Edição Run Nova Tecnologia,189,189,31,31,,
OLYMPIKUS,Tênis Olympikus Corre Grafeno 2 Masculino,666,666,66,66,,
,Ténis Eclipse C.a.t Ultra Leve Lançamento Envio Já !,155,155,31,31,4.1,(23)
ASICS,Tênis Masculino Asics Gel Revelation Original Corrida Ful,349,349,129,129,,
WEST,Tênis Kit 2 Pares Mizwest 20 Promoção Masculino Garantia !!1,155,155,15,15,4.0,(300)
FILA,Tênis Masculino Fila Ride Original,329,329,227,227,5.0,(1)
FILA,Tênis Fila Racer Spider Masculino,311,311,275,275,4.9,(33)
,"Tenis Esportivo Feminino Masculino,resistente, Confortavel!",69,69,6,6,4.4,(90)
NEW BALANCE,Tênis New Balance Fuelcell Rebel V3 Masculino Original,789,789,76,76,,
OLYMPIKUS,Olympikus Challenger 4 Masculino Adultos,220,220,31,31,4.8,(8)
REEBOK,Tênis Reebok Masculino Nano X3 Crossfit Treino,1.059,1.059,805,805,,
NEW BALANCE,Tênis Masculino New Balance 247 Original Leve Novo Macio Ful,349,349,139,139,4.3,(4)
,Kit Combo 2 Tenis Masculino Olimp Treino Caminhada Oferta,144,144,14,14,,
MIZUNO,Tênis Masculino Wave Creation Treino Macio Original Promoção,199,199,129,129,3.4,(10)
MIZUNO,Tenis Esportivo Exclusivo Atividade Fisica Leve Confortavel,149,149,14,14,4.6,(190)
,Tenis Masculino Academia Corrida Wave Force Promoção Barato,75,75,7,7,4.3,(329)
OLYMPIKUS,Tenis Masculino Olympikus Perfect 3 Preto/chumbo,233,233,186,186,4.7,(7)
OLYMPIKUS,Tênis Masculino Olympikus Cyber 4 Original,279,279,197,197,,
PUMA,Tênis De Corrida Puma Flyer Runner Mesh Bdp Original,329,329,245,245,,
OLYMPIKUS,Olympikus Corre Vento 2 Masculino Adultos,439,439,396,396,5.0,(8)
OLYMPIKUS,Tênis Olympikus Ultraleve 237g,178,178,160,160,,
OLYMPIKUS,Tênis Olympikus Subverse Arenito - Masculino,349,349,35,35,,
MIZUNO,Tênis Para Corrida Masculino Mizuno Wave Way 3 Treino ,459,459,326,326,,
FILA,Tênis Fila Masculino Esportivo Extra Treino Confortável,319,319,275,275,,
OLYMPIKUS,Tênis Olympikus Running Masculino Venum Marinho E Limão,283,283,255,255,,
OLYMPIKUS,Tênis Preto Masculino Olimpicos Esportivo Amortecimento Leve,279,279,255,255,,
PUMA,Tenis Puma Smash V2 Bdp - Original,327,327,268,268,,
OLYMPIKUS,Tênis Olympikus Lap Preto Original,149,149,37,37,4.7,(65)
OLYMPIKUS,Tênis Running Corrida Confortável Leve Original Olympikus,299,299,33,33,,
BAD FISH,Tênis Track Sapatilha Bad Fish Adventure Pesca Rosa Preto ,199,199,19,19,4.8,(77)
PUMA,Tênis De Corrida Magnify Nitro 2 Masculino Puma Tênis De Cor,999,999,99,99,,
OLYMPIKUS,Tênis Olympikus Marte Corrida Caminhada Confortável Unissex,209,209,167,167,5.0,(2)
,Tênis Meia Masculino E Feminino Sem Cadarço Confortável,62,62,59,59,4.7,(152)
PUMA,Tênis Puma Masculino Viz Runner V2 Bdp Corrida Treino,589,589,501,501,,
OLYMPIKUS,Tênis Running Masculino Olympikus Asfalto Preto,345,345,34,34,,
FILA,Tênis De Caminhada Masculino Fila Ride Original,329,329,227,227,,
,Sapatênis Masculino Em Couro Legitimo Kit Com Relógio Tenis,149,149,77,77,4.9,(8)
OLYMPIKUS,Tênis Olympikus Corre 3 Masculino Verde Neon,499,499,49,49,5.0,(8)
OLYMPIKUS,Olympikus Caminhada Cygnus Masculino Adultos,189,189,31,31,4.8,(879)
PUMA,Tênis Puma Masculino Cell Divide V2 Bdp Para Corrida,589,589,442,442,,
SAPATOFRAN,Tênis Confortável Esportivo Academia Com Fone De Ouvido,149,149,128,128,,
OLYMPIKUS,Tênis Olympikus Neblina Masculino,279,279,31,31,4.5,(15)
OLYMPIKUS,Tenis Olympikus Masculino Feminino 34 Ao 43 Pronta Entrega,109,109,10,10,4.3,(833)
OLYMPIKUS,Olympikus Diffuse 4 Masculino Adultos,249,249,31,31,5.0,(10)
,Tenis Sapatilha Neoprene Bike Pesca Unissex Top Promoção ,52,52,17,17,4.6,(478)
PUMA,Tênis Puma Viz Runner V2 Bdp Masculino Esportivo,333,333,299,299,5.0,(6)
FILA,Fila Cage Python Masculino Adultos,199,199,19,19,4.5,(196)
ADAPTION,Kit 2 Tenis Masculino Academia Caminhada Promoção + Relogio,139,139,13,13,4.0,(26)
OLDSEN,Tênis Masculino Jaguar Oldsen Treino Corrida Promoção Top,59,59,5,5,4.7,(19)
OLYMPIKUS,Tênis Olympikus Corre 3 Masculino,499,499,49,49,5.0,(10)
FILA,Tênis Fila Ride Masculino Original ,329,329,227,227,5.0,(1)
OLYMPIKUS,Tenis Masculino Olympikus Beats Macio Flexivel - Original,292,292,239,239,5.0,(29)
OLYMPIKUS,Tênis Olympikus Subverse Feminino Running Esportivo Original,349,349,35,35,,
UNDER ARMOUR,Tênis Under Armour Charged Skyline 4 Masculino- Preto,379,379,36,36,,
NB,Tênis Masculino New Balance 997s Sport Anatómico Macio ,209,209,194,194,5.0,(1)
,Tênis Olimpikus Masculino Feminino Difuse Flash Promoção,96,96,9,9,4.1,(179)
ASICS,Tênis Masculino Asics Gel Revelation Original Corrida Ful,349,349,129,129,,
NEW BALANCE,Tênis Masculino New Balance 247 Promoção Academia Oferta,349,349,139,139,4.1,(9)
ASICS,Tênis Masculino Asics Gel Sendai Original Pronta Entrega Ful,249,249,119,119,2.5,(4)
OLYMPIKUS,Tênis Olympikus Corre Grafeno 2 Unissex,599,599,59,59,4.8,(25)
FILA,Tênis Fila Efecto,299,299,33,33,5.0,(1)
FILA,Fila Racer T2 Masculino Adultos,499,499,369,369,4.9,(89)
ADAPTION,Kit 2 Pares De Tenis Masculino Academia Limited + Relogio,139,139,13,13,4.4,(4024)
UNDER ARMOUR,Tênis Under Armour Tribase Reps Branco/preto,339,339,33,33,5.0,(16)
OLYMPIKUS,Tenis Masculino Olympikus Index 3 Lançamento Original + Nf,211,211,153,153,4.7,(12)
MIZUNO,Tênis Mizuno Wave Creation 20 Original Academia Caminhada,199,199,129,129,,
OLYMPIKUS,Olympikus 24/7 Lap Masculino Adultos,218,218,139,139,4.8,(7608)
,Kit Tênis De Corrida Masculino Academia Leve + Relógio,99,99,9,9,4.4,(252)
,Kit Tênis De Corrida Masculino Academia Leve + Relógio,99,99,9,9,4.4,(252)
UNDER ARMOUR,Tênis Under Armour Charged Quicker Masculino Azul,359,359,35,35,5.0,(2)
,Combo 2 Pares Tênis Jeet Masculino Corrida Caminha Promoção,249,249,150,150,4.3,(522)
EVOLTENN,Kit 3 Tênis Desportivo Solado Trançado Macio Envio Imadiato,189,189,170,170,4.0,(28)
TAYGRA,Tênis Taygra Conforto Original + Brinde Unissex Várias Cores,179,179,17,17,4.8,(94)
PUMA,Tênis Masculino Running Original Haste Sl Bdp Puma Preto,617,617,61,61,,
OLYMPIKUS,Tênis Olympikus Perfect 4 Masculino,329,329,31,31,,
UNDER ARMOUR,Tênis Under Armour Charged Beat Masculino Esportivo,444,444,349,349,,
RAINHA,Tênis Chuteira Futsal Futebol Salão Corrida Academia Macio,108,108,98,98,4.3,(205)
UNDER ARMOUR,Tênis De Corrida Masculino Under Armour Charged Hit Original,499,499,474,474,,
FILA,Tênis Fila Masculino Efecto Treino Academia Caminhada Preto,319,319,284,284,,
PUMA,Tenis Masculino Puma Wired Run Softfoam Oftfoam - Original,369,369,236,236,,
FILA,Tênis Running Masculino Recovery Fila Original Prata,379,379,334,334,5.0,(2)
OLYMPIKUS,Mega Oferta Olympikus Neblina C/ Nf Lucaisane Tênis,259,259,25,25,4.6,(26)
NEW BALANCE,Tênis New Balance Masculino Fresh Foam X Trail More V3,1.190,1.190,940,940,,
ACTVITTA,Tenis Actvitta 4901.200 Masculino,199,199,180,180,,
GP,Kit Tenis Polo Corrida Masculino + Relógio Promoção,100,100,33,33,,
OLYMPIKUS,Tênis Olympikus Jogging 0100 33/44,187,187,168,168,4.7,(157)
FILA,Tênis Fila Arcade Vlc Infantil,285,285,237,237,,
FILA,Tênis Fila Ride Unissex Original ,329,329,234,234,,
MIZUNO,Tênis Mizuno Goya Masculino,349,349,33,33,,
ON RUNNING,Tênis On Running The Roger Advantage 2 Masculino Lançamento,949,949,94,94,,
UNDER ARMOUR,Tênis Under Armour Charged Skyline 4 Masc - Branco/cinza,379,379,37,37,,
,Kit 2 Tênis Ferrari New Caminhada Leve Confortável Promoção,259,259,168,168,4.3,(154)
FILA,Tênis Racer Gripper Fila Unissex Original ,329,329,227,227,,
NEW BALANCE,New Balance Fresh Foam X 1080 V12 Masculino Adultos,999,999,799,799,,
ADAPTION,Kit 2 Pares Tenis + Relogio Brinde Academia Caminhada Leve,129,129,12,12,4.4,(82)
NEW BALANCE,Tênis New Balance Fresh Foam Arishi V4 Masculino,499,499,48,48,,
FILA,Tênis Masculino Corrida Fila Recovery - Original,379,379,334,334,,
OLYMPIKUS,Tênis Olympikus Marez Masculino Esportivo Corrida Macio Leve,349,349,33,33,,
EVOLTENN,Kit Três Tênis Desportivo De Corrida Para Academia Promoção,198,198,179,179,4.6,(156)
FILA,Tênis Para Corrida Masculino Performance Fila Float Elite ,749,749,449,449,,
OLYMPIKUS,Tênis Esportivo Masculino Olympikus Estilo Ref: 2 278,259,259,32,32,,
OLYMPIKUS,Tênis Running Masculino Olympikus Venum Marinho E Limão,283,283,31,31,,
FILA,Tênis Fila Racer Nairobi Corrida - Masculino,379,379,334,334,,
PLAZA,Kit 4 Pares Tênis Casual Esportivo Original Neo Atacado ,269,269,33,33,4.4,(13)
MIZUNO,Tênis Mizuno Wave Mirai 6 - Masculino - Branco,531,531,499,499,,
MIZUNO,Tênis Masculino Mizuno Space Corrida,369,369,303,303,,
,Tênis Masculino Hot Sol Numero Especial 38 Ao 43 Academia,104,104,34,34,4.7,(7)
FILA,Tênis Fila Recovery Prata Marinho E Vermelho - Masculino,379,379,334,334,,
OLDSEN,Tenis Masculino Oldsen Jaguar De Corrida Original Promoçao,59,59,5,5,4.2,(54)
UNDER ARMOUR,Tênis Under Armour Charged Wing Se Masculino Original,339,339,244,244,4.7,(17)
,Tenis Esporte Corrida Academia Caminhada Conforto + Relogio,59,59,5,5,,
MIZUNO,Tênis Mizuno Preto Promoção,99,99,9,9,,
OLDSEN,Tênis Masculino Jaguar Oldsen Treino Corrida Promoção Top,78,78,75,75,4.4,(2848)
MIZUNO,Tênis Masculino Running Cool Ride Mizuno Original Preto,432,432,43,43,,
OLYMPIKUS,Tênis Olympikus Proof Masculino Original,175,175,159,159,4.6,(7)
UNDER ARMOUR,Tênis Under Armour Charged Wing Masculino,289,289,32,32,4.5,(2)
MIZUNO,Tênis Mizuno Wave Mirai 6 - Masculino Original,531,531,499,499,5.0,(3)
FILA,Tênis Fila Compass Masculino Original,329,329,232,232,,
MIZUNO,Tenis Esportivo Corrida Mizuno Masculino Treino Confortável,349,349,332,332,,
OLYMPIKUS,Olympikus Express Masculino Adultos,274,274,217,217,4.7,(227)
ASICS,Tênis Asics Gel Sendai Couro Leve Macio Promoção Garantia,299,299,125,125,,
ASICS,Tênis Masculino Asics Gel Sendai Original Pronta Entrega Ful,249,249,119,119,2.5,(4)
EVOLTENN,Kit 3 Combo Tenis Masculino Corrida Treino Academia Leve,189,189,170,170,4.5,(286)
MIZUNO,Tênis Mizuno Wave Dynasty 5 Masculino,379,379,302,302,4.7,(64)
POLO JOY,Combo 2 Pares Tenis Masculino Polo Joy Casual Slip On Iate,169,169,16,16,4.6,(345)
FILA,Tênis Fila Float Maxxi Sharp Green,439,439,43,43,4.8,(10)
OUSY SHOES,Tênis Caminhada Training Leve Confortável Masculino 2019,78,78,61,61,4.5,(63)
MIZUNO,Mizuno Jet 6 Masculino Adultos,329,329,197,197,4.7,(169)
MIZUNO,Tenis Mizuno Connect Preto,280,280,224,224,,
,Kit 2 Pares Tênis Masculino Academia Caminhada Rdw Original,149,149,37,37,,
OLYMPIKUS,Tênis Olympikus Metro,209,209,34,34,,
NEW BALANCE,New Balance Evoz V3 Masculino Adultos,699,699,453,453,,
,Tênis Olympikus Proof 3 Masculino Original Esportivo N* 48,199,199,189,189,4.9,(52)
RAYON,Tênis Masculino 3 Pares  Academia Atacado Promoção Barato,184,184,17,17,4.7,(258)
UNDER ARMOUR,Tênis Under Armour Charged Quicker Masculino Branco,359,359,35,35,,
CORSA,Sapatilha Kart Corsa K - Race Br Azul Para Piloto Racing F1,539,539,52,52,,
OLYMPIKUS,Tênis Olympikus Challenger 5 Branco E Cinza - Masculino,299,299,33,33,5.0,(1)
MIZUNO,Tênis Mizuno Masculino Space 3 Corrida - Tamanhos Especiais,349,349,248,248,5.0,(1)
SAPATOFRAN,Kit Tênis Masculino Academia Com Meia Lupo + Relógio Digital,103,103,34,34,4.4,(88)
MIZUNO,Tênis Mizuno Wave Dynasty 5 Masculino Corrida,549,549,395,395,5.0,(1)
,Tênis Masculino Hot Sol Numero Especial 38 Ao 48,119,119,11,11,4.6,(76)
BAD FISH,Tênis Track Sapatilha Bad Fish Air Mesh Adventure Pesca,204,204,34,34,4.9,(41)
OLYMPIKUS,Tenis Olympikus Triunfo 3  Masculino 43290314-arenit,229,229,22,22,5.0,(1)
OLYMPIKUS,Tênis Olympikus Titanium Masculino Laranja Caminhada,369,369,35,35,,
,Kit 2  Par De Tenis Masculino Feminino Combo Barato Promoção,142,142,124,124,4.5,(142)
BOX200,Tenis Box 200 Com Degrade No Cabedal - Bx2247,101,101,33,33,5.0,(1)
OLYMPIKUS,Tênis Olympikus Cyber 4 Masculino Original ,259,259,194,194,,
OLYMPIKUS,Tenis Olympikus Perfect 4 43631292-ptdrd,279,279,27,27,,
REPLAY,Tênis Repplay Rp410 Masculino Lançamento Liquidação,129,129,32,32,,
,Tênis Corrida Bolha Plus 1 Tn Muito Leve Novo Cr7 Mes,399,399,131,131,,
OLYMPIKUS,Tênis Olympikus Reverso 2 Masculino Corrida - Caminhada,335,335,306,306,,
NEW BALANCE,Tênis Esportivo Corrida Super Leve New Balance Coleção Nova,399,399,38,38,,
,Kit 2 Tenis Masculino Esportivo Adulto Caminhada Corrida To,139,139,13,13,,
MIZUNO,Tênis Para Corrida Masculino Mizuno Wave Vitality 5 Treino,479,479,345,345,,
ADIDAS,Tênis Academia adidas Duramo Speed Original Treino Fitness,599,599,449,449,,
MIZUNO,Tênis Mizuno Cool Ride Masculino,350,350,219,219,4.7,(31)
STREET WALKER,Tenis Feminino Academia Treino Caminhada Corrida Leve Tênis,78,78,26,26,,
PUMA,Puma Runner City Bdp Masculino Adultos,349,349,33,33,4.7,(35)
MIZUNO,Mizuno Wave Vitality 5 Masculino Adultos,329,329,31,31,4.5,(14)
OLYMPIKUS,Tenis Olympikus Marte Preto Masculino Original Corrida Nf,227,227,177,177,,
OLYMPIKUS,Oferta Olympikus Cyber 3 Preto/ Dourado C/nf Lucaisane Tênis,219,219,21,21,4.9,(21)
NB,Tênis Nb Casual Esportivo Macio Leve Pronta Entrega Promoção,196,196,32,32,4.6,(18)
ULTRABONE,Tênis Unissex Ultrabone Corrida Caminhada Ultra Leve E Macio,149,149,37,37,,
FILA,Fila Racer Carbon 2 Masculino Adultos,1.099,1.099,109,109,5.0,(2)
NEW BALANCE,Tênis Masculino New Balance 247 Original Envio Imediato Ful,349,349,139,139,,
EVOLTENN,Kit Três Tênis Desportivo De Corrida Para Academia Promoção,198,198,179,179,4.6,(156)
ASICS,Tênis Masculino Gel Sendai Original Pronta Entrega Barato,249,249,119,119,5.0,(1)
GP,Tênis Masculino Casual Kit 2 Pares Sapato Esporte Fino,159,159,15,15,,
FILA,Fila Racer Carbon 2 Masculino Adultos,1.099,1.099,109,109,5.0,(2)
MIZUNO,Tenis Mizuno Atlantis Masculino 101064064-ptpt69,349,349,33,33,,
,Tênis Masculino Sapato Esportivo Corrida Caminhada Academia,189,189,132,132,,
,Tênis Masculino Prospect Pulse Leve Mais Vendido + Óculos,78,78,54,54,,
PLAZA,Kit 2 Pares De Tênis Masculino Academia Caminhada Casual Neo,129,129,12,12,4.2,(511)
OLYMPIKUS,Olympikus Diffuse 5 Masculino Adultos,239,239,34,34,4.8,(303)
OLYMPIKUS,Tenis Olympikus Vest 43665311-amrelo,259,259,25,25,,
ASICS,Tênis Masculino Asics Gel Revelation Original Couro Academia,299,299,128,128,,
BAD FISH,Tênis Adventure Caminhada Academia Trail Trekking Air Mesh,199,199,19,19,4.7,(141)
OLYMPIKUS,Olympikus Casual Urbano Ast Masculino Adultos,187,187,31,31,,
NEW BALANCE,Tênis Masculino New Balance 247 Original Leve Novo Macio Ful,349,349,139,139,4.3,(4)
NEW BALANCE,Tênis New Balance Fresh Foam Arishiv4 Masculino,549,549,412,412,,
ADAPTION,Kit 2 Tenis Masculino Caminhada Academia Promoção + Relogio,139,139,13,13,4.2,(437)
,Kit 2 Pares Tênis Para Treino Academia Corrida Tryd 5400,129,129,12,12,4.5,(76)
OLYMPIKUS,Tênis Preto De Corrida Olimpicos Corrida Ultra Leve Macio ,229,229,22,22,,
HEADER,Tênis Masculino Header Easy Corrida Esportivo Leve Promoção,59,59,5,5,,
WEST,Tênis Kit 2 Pares Mizwest 20 Promoção Masculino Garantia !!1,155,155,15,15,4.0,(300)
POLO JOY,Combo 2 Pares Tenis Masculino Polo Joy Casual Slip On Iate,189,189,176,176,4.8,(122)
PLAZA,Kit 2 Pares De Tênis Super Leve Plaza Neo Esportivo +relógio,139,139,13,13,4.3,(371)
MZ,Tênis Feminino Ou Masculino Academia Pronta Entrega Mzuno,98,98,32,32,4.5,(51)
EVOLTENN,Tênis Esporte Masculino Feminino Treino Academia Caminhada,78,78,71,71,4.4,(605)
OLDSEN,Tenis Unissex Infantil Jaguar Corrida Academia Treino 34-43,59,59,5,5,4.7,(44)
OLYMPIKUS,Mega Oferta Olympikus Reverb C/ Nf Lucaisane Tênis,179,179,17,17,4.7,(7)
,Kit Combo 2 Tenis Masculino Olimp Treino Caminhada Oferta,144,144,14,14,,
OLYMPIKUS,Tenis Masculino Olympikus Poseidon Marinho/branco,189,189,151,151,4.3,(7)
FILA,Tênis Fila Racer Gripper Unissex Original ,329,329,227,227,,
POLO JOY,Polo Joy 900 Masculino Adultos,96,96,9,9,4.7,(134)
MIZUNO,Tênis Masculino Wave Creation Treino Macio Original Promoção,199,199,129,129,3.4,(10)
OUSY SHOES,Kit 2 Tênis Masculino Academia Easy Cadarço Caminhada Novo,159,159,133,133,4.5,(68)
,Tênis Esportivo Dpizar Olimp Olymp Caminhada Envio 24hrs,112,112,87,87,4.4,(1028)
WAVE,Kit 2 Tênis Wave Academia Masculino Creation 20 Promoção,144,144,36,36,4.0,(530)
OLYMPIKUS,Tênis Esportivo Masculino E Feminino Asfalto Olympikus,279,279,152,152,4.9,(201)
WAVE,Kit Com 3 Pares Super Promoção Tênis Esportivo Molas Creatio,218,218,31,31,4.0,(44)
ASICS,Tênis Asics Gel Original Leve Macio Academia Treino Corrida,159,159,31,31,4.1,(17)
MIZUNO,Tênis Mizuno Wave Creation 20 Original Academia Caminhada,199,199,129,129,,
OLYMPIKUS,Tenis Olympikus Diffuse Masculino Feminino Do 34 Ao 43,109,109,10,10,4.4,(125)
NEW BALANCE,Tênis Masculino New Balance 247 Couro Academia Caminhada,299,299,128,128,5.0,(1)
,Ténis Eclipse C.a.t Ultra Leve Lançamento Envio Já !,155,155,31,31,4.1,(23)
STYLL BABY,Tênis Mizun Styll Wave Creation 20 Masculino Tamanho 38 A 45,99,99,33,33,4.4,(17)
,Ténis Fly  C.a.t Ultra Leve Em Couro Lançamento !,179,179,35,35,3.6,(9)
MIZUNO,Tênis Mizuno Preto Promoção,99,99,9,9,,
OLYMPIKUS,Tênis Olympikus Corre 3,499,499,50,50,4.8,(5)
,Tênis Corrida Bolha Plus 1 Tn Muito Leve Novo Cr7 Neymar,399,399,131,131,,
ASICS,Tênis Feminino Masculino Asics Sendai Original Couro E.v.a ,299,299,119,119,,
NEW BALANCE,Tênis Masculino New Balance 247 Promoção Academia Oferta,349,349,139,139,4.1,(9)
NEW BALANCE,Tênis New Balance 247 Preto Branco Lançamento Envio Imediato,299,299,128,128,,
ASICS,Tênis Asics Revelation Original Corrida Macio Envio Imediato,249,249,99,99,4.8,(10)
,Tênis Mizun Propheency Ls 8 X Novidade Promoção Frete Off,152,152,145,145,,
,Tênis Masculino Balance Corrida Leve 12 Mola,119,119,99,99,,
MIZUNO,Tênis Masculinos Wave Pro 9 Preto Preto Academia Corrida F.g,279,279,31,31,4.8,(5)
ASICS,Tênis Masculino Asics Revelation Academia Treino Macio ,249,249,99,99,3.4,(14)
MIZUNO,Tênis Esportivo Pro 8 Wave Preto Refletivo Conforto E Estilo,391,391,39,39,,
WAVE,Combo 3 Tênis Masculino Esportivo Promoção Wave Creation,218,218,31,31,3.8,(53)
OLYMPIKUS,Tenis Olympikus Diffuse Feminino Academia Envio Imediato,109,109,10,10,4.1,(92)
ASICS,Tênis Masculino Asics Gel Sendai Original Pronta Entrega Ful,249,249,119,119,2.5,(4)
CREATION,Tênis Creation 20 Masculino Oferta 2 Pares Combo Promoção,149,149,37,37,4.5,(21)
MIZUNO,Tenis Nirvana 9 Academia/caminhada Run Wr !!!,149,149,14,14,4.5,(1370)
OLYMPIKUS,Tenis Esportivo Masculino Feminino Barato Leve E Resistente,109,109,97,97,4.1,(433)
,Tenis Masculino Casual Elástico Confortavel Lançamento ,199,199,33,33,4.8,(10)
SKECHERS,Tênis Skechers Go Walk 6 Easy On Slip-ins Masculino 216278,510,510,51,51,,
MIZUNO,Mizuno Prophecy 13 Original Importado,419,419,41,41,,
,Tênis Refletivo 12 Molas Masculino & Feminino Amortecimento ,119,119,107,107,4.5,(55)
NEW BALANCE,Tênis New Balance 997s Sport Exclusivo Lançamento ,209,209,198,198,,
ASICS,Tênis Asics Gel Revelation Original Couro Academia Caminhada,249,249,99,99,,
ASICS,Tênis Asics Masculino Feminino Academia Promoção Aproveite,249,249,94,94,,
,Tênis Mizuno Prophency Flor De Lotus Novidade,299,299,284,284,,
OLYMPIKUS,Tênis Masculino Olympikus Original Academia Leve Macio Novo,349,349,118,118,3.3,(6)
,Tenis Casual Old Masculino Leve Confortavel,79,79,26,26,,
OLYMPIKUS,Tênis Olimpikus Olympikus  Confortavel Envio Imediato Leve,99,99,9,9,4.0,(116)
,Sapatilha Híbrida Água Ciclismo Pesca Trilha ,132,132,33,33,4.6,(8)
UNDER ARMOUR,Tênis De Corrida Under Armour Charged Starlight,199,199,33,33,4.8,(6)
,Tênis Para Academia Corrida Trabalhar Caminhada,99,99,33,33,4.5,(14)
ASICS,Tênis Asics Revelation Masculino Feminino Do 34 Ao 43,96,96,9,9,4.1,(171)
,Tenis Neoprene Prático Confortável Bike Corrida Pesca Trilha,132,132,33,33,,
OLYMPIKUS,Olympikus Lightspeed Sem gênero Adultos,110,110,99,99,4.5,(94)
OLYMPIKUS,Tenis Feminino E Masculino Confortável Para Esportes Oferta,199,199,99,99,,
NEW FASHION,Tenis New Fashion 33y Premium Respiravel Macio Unissex,167,167,33,33,,
,Tenis Infantil De Led Divertido Batman Relogio + Oculos,49,49,16,16,,
CREATION,3 Pares Tênis Confortável Creation 20 Oferta Ótima Qualidade,197,197,32,32,4.7,(33)
,Vans Knu Stack Masculino Adultos,100,100,,,,
MZ,Tênis Feminino Mizuno Jet Promoção Caminhada Crossfit Run,79,79,26,26,,
OLYMPIKUS,Olympikus Treino Volcan Masculino Adultos,164,164,16,16,4.7,(804)
ASICS,Tênis Masculino Asics Gel Revelation Original Corrida Ful,349,349,129,129,,
ULTRABONE,Tênis Unissex Academia Leve Macio Basico Caminhada Fitness ,70,70,23,23,,
,Tênis Olimpikus Masculino Feminino Difuse Flash Promoção Lev,99,99,9,9,4.5,(44)
MIZUNO,Tênis Masculino Esportivo Pro 9 Preto Preto Corrida Academia,269,269,33,33,4.5,(4)
ASICS,Tênis Masculino Asics Gel Academia Caminhada Novo Leve Macio,349,349,129,129,4.6,(9)
NEW BALANCE,Tênis Masculino New Balance 247 Original Envio Imediato Ful,349,349,139,139,,
ASICS,Tênis Asics Masculino Feminino Esportivo Envio Imediato ,96,96,9,9,3.9,(95)
ASICS,Tênis Masculino Asics Gel Sendai Original Academia Corrida,299,299,125,125,,
ASICS,Tênis Masculino Gel Sendai Original Pronta Entrega Barato,249,249,119,119,5.0,(1)
NEW BALANCE,Tênis Masculino New Balance 247 Original Preto Branco Novo,349,349,139,139,,
ASICS,Tênis Asics Gel Sendai Couro Academia Macio Envio Imediato,299,299,119,119,,
ASICS,Tênis Asics Gel Sendai Couro Leve Macio Promoção Garantia,299,299,119,119,,
NEW BALANCE,Tênis Masculino New Balance 247 Premium Pronta Entrega Macio,349,349,139,139,,
MIZUNO,Mizuno Wave Prophecy 7 Masculino Adultos,145,145,14,14,1.8,(5)
NEW BALANCE,Ténis Masculino New Balance 997s Original Apronta Entrega,234,234,187,187,4.0,(41)
NEW FASHION,Tenis Fast Pró Leve Macio Respirável Original Unissex,167,167,16,16,4.7,(3)
